metric,value,denominator,reference_period,publisher,publication_date,source_url
UK businesses with a website (all businesses),78%,All UK businesses,October 2025 to January 2026,Department for Science Innovation and Technology (UK Business Data Survey 2026),18 June 2026,https://www.gov.uk/government/statistics/uk-business-data-survey-2026/uk-business-data-survey-2026
UK businesses with a website (sole traders),76%,UK sole traders / no-employee businesses,October 2025 to January 2026,Department for Science Innovation and Technology (UK Business Data Survey 2026),18 June 2026,https://www.gov.uk/government/statistics/uk-business-data-survey-2026/uk-business-data-survey-2026
"UK businesses with a website (micro, up to 9 employees)",84%,UK micro businesses,October 2025 to January 2026,Department for Science Innovation and Technology (UK Business Data Survey 2026),18 June 2026,https://www.gov.uk/government/statistics/uk-business-data-survey-2026/uk-business-data-survey-2026
"UK businesses with a website (small, 10-49 employees)",92%,UK small businesses,October 2025 to January 2026,Department for Science Innovation and Technology (UK Business Data Survey 2026),18 June 2026,https://www.gov.uk/government/statistics/uk-business-data-survey-2026/uk-business-data-survey-2026
"UK businesses with a website (medium, 50-249 employees)",97%,UK medium businesses,October 2025 to January 2026,Department for Science Innovation and Technology (UK Business Data Survey 2026),18 June 2026,https://www.gov.uk/government/statistics/uk-business-data-survey-2026/uk-business-data-survey-2026
"UK businesses with a website (large, 250+ employees)",99%,UK large businesses,October 2025 to January 2026,Department for Science Innovation and Technology (UK Business Data Survey 2026),18 June 2026,https://www.gov.uk/government/statistics/uk-business-data-survey-2026/uk-business-data-survey-2026
Total UK private sector businesses,5.7 million,UK private sector,start of 2025,Department for Business and Trade,2 October 2025,https://www.gov.uk/government/statistics/business-population-estimates-2025/business-population-estimates-for-the-uk-and-regions-2025-statistical-release
Small businesses (0-49 employees) share of UK business population,99.2%,UK private sector,start of 2025,Department for Business and Trade,2 October 2025,https://www.gov.uk/government/statistics/business-population-estimates-2025/business-population-estimates-for-the-uk-and-regions-2025-statistical-release
Small businesses (0-49 employees) count,5.64 million,UK private sector,start of 2025,Department for Business and Trade,2 October 2025,https://www.gov.uk/government/statistics/business-population-estimates-2025/business-population-estimates-for-the-uk-and-regions-2025-statistical-release
Businesses with no employees,4.3 million (75% of total),UK private sector,start of 2025,Department for Business and Trade,2 October 2025,https://www.gov.uk/government/statistics/business-population-estimates-2025/business-population-estimates-for-the-uk-and-regions-2025-statistical-release
Medium businesses (50-249 employees),"38,435 (0.7% of total)",UK private sector,start of 2025,Department for Business and Trade,2 October 2025,https://www.gov.uk/government/statistics/business-population-estimates-2025/business-population-estimates-for-the-uk-and-regions-2025-statistical-release
SME employers using technology or web-based software to sell or manage the business,69%,UK SME employers (1-249 employees),2024,Department for Business and Trade (Longitudinal Small Business Survey),25 September 2025,https://www.gov.uk/government/statistics/small-business-survey-2024-businesses-with-employees/longitudinal-small-business-survey-2024-sme-employers-businesses-with-1-to-249-employees
SME employers using technology or web-based software (2023),61%,UK SME employers (1-249 employees),2023,Department for Business and Trade (Longitudinal Small Business Survey),25 September 2025,https://www.gov.uk/government/statistics/small-business-survey-2024-businesses-with-employees/longitudinal-small-business-survey-2024-sme-employers-businesses-with-1-to-249-employees
SME employers using technology or web-based software (2022),50%,UK SME employers (1-249 employees),2022,Department for Business and Trade (Longitudinal Small Business Survey),25 September 2025,https://www.gov.uk/government/statistics/small-business-survey-2024-businesses-with-employees/longitudinal-small-business-survey-2024-sme-employers-businesses-with-1-to-249-employees
"SME employers using technology, by size: micro",67%,UK SME employers (micro),2024,Department for Business and Trade (Longitudinal Small Business Survey),25 September 2025,https://www.gov.uk/government/statistics/small-business-survey-2024-businesses-with-employees/longitudinal-small-business-survey-2024-sme-employers-businesses-with-1-to-249-employees
"SME employers using technology, by size: small",75%,UK SME employers (small),2024,Department for Business and Trade (Longitudinal Small Business Survey),25 September 2025,https://www.gov.uk/government/statistics/small-business-survey-2024-businesses-with-employees/longitudinal-small-business-survey-2024-sme-employers-businesses-with-1-to-249-employees
"SME employers using technology, by size: medium",81%,UK SME employers (medium),2024,Department for Business and Trade (Longitudinal Small Business Survey),25 September 2025,https://www.gov.uk/government/statistics/small-business-survey-2024-businesses-with-employees/longitudinal-small-business-survey-2024-sme-employers-businesses-with-1-to-249-employees
SME employers using technology to manage the business,65%,UK SME employers (1-249 employees),2024,Department for Business and Trade (Longitudinal Small Business Survey),25 September 2025,https://www.gov.uk/government/statistics/small-business-survey-2024-businesses-with-employees/longitudinal-small-business-survey-2024-sme-employers-businesses-with-1-to-249-employees
SME employers using technology to manage the business (2023),54%,UK SME employers (1-249 employees),2023,Department for Business and Trade (Longitudinal Small Business Survey),25 September 2025,https://www.gov.uk/government/statistics/small-business-survey-2024-businesses-with-employees/longitudinal-small-business-survey-2024-sme-employers-businesses-with-1-to-249-employees
SME employers selling to customers online,23%,UK SME employers (1-249 employees),2024,Department for Business and Trade (Longitudinal Small Business Survey),25 September 2025,https://www.gov.uk/government/statistics/small-business-survey-2024-businesses-with-employees/longitudinal-small-business-survey-2024-sme-employers-businesses-with-1-to-249-employees
SME employers selling to customers online (2023),27%,UK SME employers (1-249 employees),2023,Department for Business and Trade (Longitudinal Small Business Survey),25 September 2025,https://www.gov.uk/government/statistics/small-business-survey-2024-businesses-with-employees/longitudinal-small-business-survey-2024-sme-employers-businesses-with-1-to-249-employees
No-employee businesses using technology or web-based software,53%,UK no-employee businesses,2024,Department for Business and Trade (Longitudinal Small Business Survey),25 September 2025,https://www.gov.uk/government/statistics/small-business-survey-2024-businesses-with-no-employees/longitudinal-small-business-survey-2024-businesses-with-no-employees
No-employee businesses using technology (2023),44%,UK no-employee businesses,2023,Department for Business and Trade (Longitudinal Small Business Survey),25 September 2025,https://www.gov.uk/government/statistics/small-business-survey-2024-businesses-with-no-employees/longitudinal-small-business-survey-2024-businesses-with-no-employees
No-employee businesses using technology to manage the business,42%,UK no-employee businesses,2024,Department for Business and Trade (Longitudinal Small Business Survey),25 September 2025,https://www.gov.uk/government/statistics/small-business-survey-2024-businesses-with-no-employees/longitudinal-small-business-survey-2024-businesses-with-no-employees
No-employee businesses selling to customers online,25%,UK no-employee businesses,2024,Department for Business and Trade (Longitudinal Small Business Survey),25 September 2025,https://www.gov.uk/government/statistics/small-business-survey-2024-businesses-with-no-employees/longitudinal-small-business-survey-2024-businesses-with-no-employees
Internet sales as a share of total retail sales,28.8%,Great Britain retail sales value (all retailers),August 2026,Office for National Statistics,18 September 2026,https://www.ons.gov.uk/businessindustryandtrade/retailindustry/bulletins/retailsales/latest
Internet sales as a share of total retail sales (July 2026),28.4%,Great Britain retail sales value (all retailers),July 2026,Office for National Statistics,18 September 2026,https://www.ons.gov.uk/businessindustryandtrade/retailindustry/bulletins/retailsales/latest
Most common barrier reported by innovating UK firms,lack of finance,UK innovating firms (small and larger),2025,Enterprise Research Centre (State of Small Business Britain 2025),February 2026,https://www.enterpriseresearch.ac.uk/wp-content/uploads/2026/02/ERC-The-State-of-Small-Business-Britain-2025.pdf
Most frequently reported general growth obstacle for SME employers,taxation VAT PAYE NI and business rates,UK SME employers,2024,Department for Business and Trade (Longitudinal Small Business Survey),25 September 2025,https://www.gov.uk/government/statistics/small-business-survey-2024-businesses-with-employees/longitudinal-small-business-survey-2024-sme-employers-businesses-with-1-to-249-employees
UK adults average daily time online,4 hours 30 minutes,UK adult internet users aged 18+,May 2025 vs May 2024,Ofcom (Online Nation 2025),10 December 2025,https://www.ofcom.org.uk/media-use-and-attitudes/online-habits/from-apps-to-ai-search-how-the-uk-goes-online-in-2025
UK adults daily online time increase year-on-year,+10 minutes,UK adult internet users aged 18+,May 2025 vs May 2024,Ofcom (Online Nation 2025),10 December 2025,https://www.ofcom.org.uk/media-use-and-attitudes/online-habits/from-apps-to-ai-search-how-the-uk-goes-online-in-2025
DSIT UK Business Data Survey 2026 sample size (website-ownership question),"4,450 UK businesses",UK businesses,October 2025 to January 2026,Department for Science Innovation and Technology,18 June 2026,https://www.gov.uk/government/statistics/uk-business-data-survey-2026/uk-business-data-survey-2026
LSBS 2024 SME employers sample size,"8,396 UK SME employers",UK SME employers (1-249 employees),18 October 2024 to 16 May 2025,Department for Business and Trade (Longitudinal Small Business Survey),25 September 2025,https://www.gov.uk/government/statistics/small-business-survey-2024-businesses-with-employees/longitudinal-small-business-survey-2024-sme-employers-businesses-with-1-to-249-employees
LSBS 2024 no-employee businesses sample size,"2,192 UK no-employee businesses",UK no-employee businesses,October 2024 to May 2025,Department for Business and Trade (Longitudinal Small Business Survey),25 September 2025,https://www.gov.uk/government/statistics/small-business-survey-2024-businesses-with-no-employees/longitudinal-small-business-survey-2024-businesses-with-no-employees
"CALCULATED: SME employer tech adoption change, 2023 to 2024",+8 percentage points,UK SME employers (1-249 employees),2023 to 2024,Calculated from DBT LSBS figures above (see data/compute.py),25 September 2025,https://www.gov.uk/government/statistics/small-business-survey-2024-businesses-with-employees/longitudinal-small-business-survey-2024-sme-employers-businesses-with-1-to-249-employees
"CALCULATED: SME employer tech adoption change, 2022 to 2023",+11 percentage points,UK SME employers (1-249 employees),2022 to 2023,Calculated from DBT LSBS figures above (see data/compute.py),25 September 2025,https://www.gov.uk/government/statistics/small-business-survey-2024-businesses-with-employees/longitudinal-small-business-survey-2024-sme-employers-businesses-with-1-to-249-employees
"CALCULATED: SME employer tech adoption change, 2022 to 2024",+19 percentage points,UK SME employers (1-249 employees),2022 to 2024,Calculated from DBT LSBS figures above (see data/compute.py),25 September 2025,https://www.gov.uk/government/statistics/small-business-survey-2024-businesses-with-employees/longitudinal-small-business-survey-2024-sme-employers-businesses-with-1-to-249-employees
"CALCULATED: SME employer managing-the-business use change, 2023 to 2024",+11 percentage points,UK SME employers (1-249 employees),2023 to 2024,Calculated from DBT LSBS figures above (see data/compute.py),25 September 2025,https://www.gov.uk/government/statistics/small-business-survey-2024-businesses-with-employees/longitudinal-small-business-survey-2024-sme-employers-businesses-with-1-to-249-employees
"CALCULATED: SME employer selling-online use change, 2023 to 2024",-4 percentage points,UK SME employers (1-249 employees),2023 to 2024,Calculated from DBT LSBS figures above (see data/compute.py),25 September 2025,https://www.gov.uk/government/statistics/small-business-survey-2024-businesses-with-employees/longitudinal-small-business-survey-2024-sme-employers-businesses-with-1-to-249-employees
"CALCULATED: No-employee business tech adoption change, 2023 to 2024",+9 percentage points,UK no-employee businesses,2023 to 2024,Calculated from DBT LSBS figures above (see data/compute.py),25 September 2025,https://www.gov.uk/government/statistics/small-business-survey-2024-businesses-with-no-employees/longitudinal-small-business-survey-2024-businesses-with-no-employees
"CALCULATED: Retail internet sales share change, July to August 2026",+0.4 percentage points,Great Britain retail sales value (all retailers),July to August 2026,Calculated from ONS Retail Sales bulletin figures above (see data/compute.py),18 September 2026,https://www.ons.gov.uk/businessindustryandtrade/retailindustry/bulletins/retailsales/latest
"CALCULATED: Tech adoption gap, SME employers vs no-employee businesses",16 percentage points (SME employers higher),UK SME employers vs UK no-employee businesses,2024,Calculated from DBT LSBS figures above (see data/compute.py),25 September 2025,https://www.gov.uk/government/statistics/small-business-survey-2024-businesses-with-employees/longitudinal-small-business-survey-2024-sme-employers-businesses-with-1-to-249-employees
"CALCULATED: Selling-online gap, SME employers vs no-employee businesses",-2 percentage points,UK SME employers vs UK no-employee businesses,2024,Calculated from DBT LSBS figures above (see data/compute.py),25 September 2025,https://www.gov.uk/government/statistics/small-business-survey-2024-businesses-with-employees/longitudinal-small-business-survey-2024-sme-employers-businesses-with-1-to-249-employees
"CALCULATED: Website ownership spread, sole traders to large businesses",23 percentage points,UK businesses by size band,October 2025 to January 2026,Calculated from DSIT UK Business Data Survey 2026 figures above (see data/compute.py),18 June 2026,https://www.gov.uk/government/statistics/uk-business-data-survey-2026/uk-business-data-survey-2026
